"FSC-A","FSC-H","FSC-W","SSC-A","SSC-H","SSC-W","MCL,BAX AF488-Alexa Fluor™ 488-A","BIM AF647-Alexa Fluor™ 647-A","CD5 APC-CY7-APC-Cy7-A","CD19 BV421-Brilliant Violet 421-A","LD Aqua-Fixable Aqua-A","CD69 BV605-Brilliant Violet 605-A","Ki67_BV711-Brilliant Violet 711-A","Bcl-2 PE-R-PE-A","IgG Rb AF594-AF594-A","CXCR4 PE-CY7-PE-Cy7-A","Time"
503379,424355,100,336884,284451,94,17154.9,480.75,7361.34,23555.2,7067.11,772.932,929.333,1412.82,4184.67,-15.1162,0.443274
413941,354349,98,255520,223822,91,9175.62,378.912,5610.38,10916.9,4967.51,8989.15,542.069,796.095,2307.4,13177.6,0.772991
490422,413595,107,357300,306420,94,9912.97,619.771,5598.53,47268,6976.24,3425.49,1146.69,2007.05,14724.4,8709.49,0.867622
376832,330989,98,186612,162599,87,5737.7,314.638,3877.59,31466.4,3851.17,2661.47,2000.08,845.456,2195.6,2290.04,0.939343
455576,384665,104,333880,283780,91,3518.65,477.1,10038.6,94594.4,6873.58,4980.1,1128.72,550.209,2372.49,1551.75,1.05589
451956,381386,99,380066,323967,94,4683.42,393.04,3967.92,72014.6,6030.67,14122.4,462.913,1401.56,1900.94,4536.39,1.11466
503162,415866,104,354663,291113,93,4453,356.583,7007.09,60293.8,8889.78,4102.45,3025.65,760.136,12876,7065.39,1.15052
421491,357469,92,422645,366291,91,3551.87,325.616,6001.51,58414.4,6850.96,19299.3,1372.4,698.692,17901.4,7954.88,1.51012
454731,390705,95,330233,278052,94,3276.77,331.941,6822.11,19354.2,5009.96,2284.23,980.493,1819.67,9695.41,7450.05,1.51411
392234,339513,91,334003,285481,90,5385.89,231.991,4089.29,11352.1,7273.74,1999.96,812.479,227.805,3511.22,4116.33,2.01017
442574,370103,106,287771,237917,91,5681.88,590.074,3873.87,48117,4507.1,3304.51,1316.58,423.625,13834.3,3198.77,2.18848
462488,376836,101,312887,257292,93,4109.23,642.531,7622.42,70772.5,6103.76,3283.86,2576.04,-48.4842,15946.2,2955.55,2.45046
452120,384204,106,249784,216004,90,9067.86,-169.202,3183.26,33806,6364.04,3143.67,1979.35,1903.21,16979.6,3927.48,2.50126
380614,327522,102,263038,230239,90,5298.13,141.307,3295.81,41770.6,4882.78,4496.24,595.075,-90.1874,3614.91,3779.92,2.81205
497568,411738,108,366949,307410,96,8346.28,898.767,6423.93,71161.3,8610.43,5862.64,2196.48,1062.01,16263.8,1506.38,2.84094
419202,346737,106,427652,364648,93,3125.14,285.819,3779.8,25768.4,6414.24,1839.08,1347.67,173.659,3000.98,1526.14,2.85887
412906,353405,93,300528,263671,91,2372.65,680.153,8043.07,45235.3,5755.82,3856.01,2281.4,1826.42,18694.7,6404.58,2.88178
469787,389575,98,332914,288387,95,5796.97,-49.6393,4062.39,44001.6,7611.94,27770.4,2329.03,1407.62,14553.6,693.633,3.02821
307378,256235,88,261975,219674,90,1716.03,777.381,4156.05,30387.5,2877.2,610.296,12489.9,1301.2,4814.2,4782.52,3.17962
398620,348800,95,353148,325661,89,5044.02,442.44,5819.52,16616.9,4010,17550.2,939.185,785.432,4080.67,2108.86,3.60198
373469,297795,96,333608,251423,98,1368.96,546.821,5896.3,11516.1,8640.64,9871.03,2267.1,3344.61,7082.87,4583.74,3.63485
414790,362085,91,343238,304451,91,3437.77,241.846,6213.15,56643.8,6288.92,1831.51,1727.89,1711.01,2859.07,7788.27,3.72151
387024,333915,104,246091,211686,89,2205.22,-59.1564,6577.03,25059.5,5815.69,7713.33,2165.46,2429.74,15511.8,4348.22,3.8789
346574,314021,89,208482,126893,83,1462.74,1802.79,22042.1,10717.5,8211.86,1594.48,1297.77,1368.2,495.921,-515.479,4.12195
402933,346378,92,263014,222452,92,2910.98,666.048,5063.34,25237.7,2038.25,2808.83,1377.89,1247.8,5201.15,1266.32,4.13192
449146,384553,94,354350,305118,91,3944.37,2.71705,3503.86,14699.8,4051.8,929.193,1257.98,2676.66,13760.2,4801.5,4.28831
434918,368427,93,335322,286225,93,9695.5,394.638,9881.88,60123.2,5046,3133.15,1967.71,1043.03,4108.12,448.794,4.35206
426930,356431,97,313333,265684,91,2640.55,88.2798,3815.25,40063.5,7552.29,1183.02,1190.81,702.135,4855.42,1756.2,4.42976
425341,358466,97,368871,317413,91,5805.15,580.505,5197.65,64807.6,9437.02,12531,1555.37,163.818,6332.15,1250.36,4.45167
334907,287760,88,305648,265875,91,5006.65,365.153,5447.83,19926.4,6115.35,15352.1,771.372,-382.05,13769.3,4187.35,4.45864
385198,333233,94,262116,226082,93,3285.95,176.218,6444.43,32327,7272.71,10196.8,1318.56,1183.13,3241.02,6887.91,4.52439
411150,334603,98,306583,255028,93,3861.47,466.447,12399.6,38840.8,4504.26,1021.85,1491.6,442.714,1290.15,7061.02,4.69672
382077,323387,90,298963,261609,90,2389.86,794.443,6908.91,52227.3,4902.02,2736.68,3661.88,-3.73277,22731.9,5267.97,4.74553
419206,337063,96,389881,319774,95,2584.58,894.053,7626.09,48138.6,7692.32,2774.63,3123.71,318.845,22795.5,515.015,4.78836
389895,341692,94,299147,262418,91,2197.8,601.381,3212.38,93471.5,6672.4,2470.17,1456.33,686.789,12625.4,1212.26,4.88498
349684,319577,87,190755,174184,86,3089.04,253.436,3850.95,14164.6,5330.54,6173.89,731.944,1174.31,2096.2,3815.55,4.89196
352894,307927,86,377591,304214,91,2644.98,367.744,4258.36,55640.2,6754.51,2515.04,1160.13,484.624,2745.38,3202.89,5.06429
487730,395283,97,336803,281474,95,6106.15,343.382,14863.7,16033.8,8451.23,2750.65,2543.7,569.139,25967.4,1207.8,5.15493
350062,309615,91,200142,176243,86,1484,29.3263,3775.44,103286,3786.69,10946.8,1321.57,86.2957,3389.45,56.4833,5.19876
362590,320995,91,209214,184335,87,2792.3,92.8036,6902.71,43235.4,4474.51,2050.92,1246.95,1367.28,16524,11206.3,5.38803
466154,395157,95,278815,231245,93,8133.78,320.477,6251.11,48262.1,7383.14,46282.8,1839.34,-356.799,2895.73,3101.17,5.41193
435674,360422,94,368558,312553,94,3102.53,510.824,7095.5,57251.9,8706.7,1268.17,2545.82,783.877,20487.4,1995.81,5.80142
368443,321994,99,269192,233488,96,2266.72,352.629,8564.07,17821.6,3258.08,20190.9,-440.464,643.332,2804.29,4890.85,5.83728
409110,343781,91,380672,328757,93,3353.12,406.946,6359.22,63307.2,6958.4,4014.25,2531.06,1092.9,14544.2,247.235,6.14607
447354,375613,102,377397,332461,92,2918.09,491.534,4233.45,10912.6,6661.37,1205.8,1502.71,1557.64,2522.3,4902.13,6.26461
451891,393919,90,284084,251340,91,9070.12,329.589,4568.16,24179.2,7102.82,1786.94,2259.56,-72.394,15254.3,3645.93,6.63119
395841,325268,97,320233,262527,92,2559.49,593.234,8438.7,71303.5,6461.16,2879.25,1953.67,1032.31,17683.6,8458.02,6.72781
410914,335568,93,302602,244156,94,4304.37,-26.5386,5350.75,49375.2,5979.19,3520.65,1957.26,1410.87,1434.71,1240.4,6.74773
389397,334952,96,297053,261130,92,5015.5,129.852,3955.05,30859.8,6386.79,1188.22,2192.16,1459.23,2507.17,796.585,6.86328
376973,332376,95,304020,277825,89,-2992.48,-39.4853,3283.44,40247.1,5884.3,6066.15,1558.26,775.599,8057.19,847.965,6.90811
316787,281070,92,243383,214810,88,1932.83,111.651,5633.92,28397.8,5561.17,7839.92,2201.01,495.468,5470.28,2748,7.06749
392772,307459,99,398624,309791,97,2830.03,228.266,3268.27,55677.8,4361.67,2417.55,919.003,340.383,3344.37,532.505,7.17407
399349,342898,94,244162,216162,89,5417.4,840.491,4687.09,27068.6,5066.12,3168.42,1399.51,705.066,3955.45,1883.52,7.18105
388552,351142,86,218311,202365,85,3611.71,401.175,3514.53,59268.1,6208.23,7945.47,1812.07,1086.75,8078.71,1643.29,7.22587
370182,311628,92,289950,247485,90,2384.02,593.063,5167.51,96166.3,7332.67,4667.21,2296.38,913.182,24333.5,1226.21,7.29958
486844,404607,98,299850,251563,92,10936.1,386.776,3591.55,52076.6,6376.18,49880.6,59.8787,1691.1,14453.2,573.488,7.42609
367224,318935,92,203079,176461,88,4740.35,171.467,4869.87,35598.4,4338.91,18594.7,1805.24,-129.115,10484.6,2036.11,7.45199
424325,365827,96,312932,273732,93,3731.6,403.775,14404.1,28646.5,5975.17,1678.53,1236.28,560.718,4046.55,264.261,7.5536
392941,336176,91,249187,221244,88,2134.75,34.542,4071.4,16222.1,5594.47,1689.5,1238.31,807.084,6328.69,6722.75,7.66815
417389,367922,91,250456,223088,95,4740.69,535.54,3462.71,61950.4,7487.8,1561.46,1038.65,1636.7,11881.5,2599.61,7.71596
397884,326580,90,405955,338855,94,6822.45,643.044,4778.25,55708.6,6618.62,3186.76,755.078,1485.26,1926.28,504.389,7.81657
387033,327468,93,321689,267266,90,2146.85,44.9632,3454.79,84772.8,5472.35,781.745,2199.74,1265.32,18572.1,1141.48,7.93013
388554,318218,94,338388,282439,93,4085.08,468.287,10887,68517.7,7132.77,1114.31,3986.09,452.654,19852.9,1874.72,8.07058
469359,370477,103,391475,315216,96,6625.31,789.524,5103.48,49688.2,8571.38,1378.82,1845.65,922.38,20511,463.739,8.08353
520445,420788,111,404585,327304,97,5352.68,1057.78,25733.9,69005.7,9298.11,3717.09,1400.27,1236.83,12700,627.674,8.22697
415976,354673,94,285136,246412,90,3788.35,-250.082,3907.02,73360.8,4612.5,2049.13,1039.39,1571.2,4837.54,2941.3,8.28475
264291,234815,85,317683,290514,86,2009.24,320.609,5577.36,12295.3,3033.45,454.766,2028.6,1221.21,12485.6,4229.64,8.48497
560218,389652,104,334241,259841,99,4069.56,268.856,10227.9,14630.2,4306.7,14680.7,1754.76,1265.3,5342.34,2700.9,8.5039
391922,332433,95,374477,324826,95,4320.02,-173.301,4445.85,39533.7,5635.05,982.105,1426.69,735.467,14470.5,2895.76,8.56067
432934,376120,96,255344,225627,91,2554.7,226.181,4840.85,39965.2,5594.81,4809.79,1736.51,808.937,9633.65,704.747,8.66527
369477,317150,92,237020,204684,89,2905.85,477.24,6724.79,51480.4,5984.67,1292.5,1683.48,840.735,18496.6,5341.37,8.76588
388925,332842,95,305083,271542,89,2679.75,-143.353,4383.02,44853.6,6446.47,1945.71,1434.66,679.294,19289.3,5718.52,8.90135
419779,324582,107,447077,356144,96,3134.09,2660.82,18009.9,91317.2,7093.87,3163.17,3327.43,897.495,19939.8,4040.43,9.02686
338161,271711,95,400468,336766,93,3215.21,762.385,9399.34,45590.1,7198,1306.95,2219.31,667.087,6055.64,5368.08,9.06073
487761,405636,109,305478,257169,95,9066.75,442.467,3604.16,19026.2,7659.87,1817.78,1473.82,997.998,8509.33,324.49,9.10456
408305,354045,91,295904,252877,91,3565.81,166.262,3421.17,32374.5,5390.18,2358.21,1885.06,326.538,12310.6,2485.98,9.16831
360351,313019,90,234272,200444,88,2675.09,306.928,7607.62,25916.5,4646.02,3148.6,2894.28,725.089,11203.1,6051.4,9.34064
370891,321030,92,251817,226283,88,2138.27,-98.6574,4033.19,44588.4,4017.88,459.75,2139.59,80.8168,11644.9,2990.15,9.46216
394897,337897,93,266764,237796,89,2100.64,316.037,6397.29,28040.6,3533.32,1837.78,2038.4,1475.17,12925.9,504.886,9.66737
418984,358767,92,277241,240630,91,4347.12,570.363,7468.33,34679.3,4856.14,1998.89,1537.6,321.612,3375.39,4778.68,9.8118
322553,273236,89,262150,227100,87,3377.65,20.16,4260.9,15056.7,15313,12068.8,1027,2220.67,12957,3981.56,10.0559
477686,384895,103,379508,310757,96,12895.6,273.131,3461.81,61718,6157.35,2676.05,814.128,2320.46,4962.3,24.1471,10.1067
398118,341285,94,366416,320856,94,4033.92,340.108,3188.12,48702.9,6400.67,2999.84,1796.76,916.078,13877.4,388.683,10.2053
371589,321457,94,224956,192215,88,1119.42,311.469,3831.5,62087.4,3121.81,34893.4,1382.11,-95.8646,11144.3,2967.09,10.2929
429974,369020,94,230988,201294,92,2102.92,415.176,4765.44,47639.4,4150.42,6701.71,700.062,1876.63,2628.55,480.585,10.4961
414379,362170,92,315834,283038,92,11164.2,438.072,5955.94,16276.6,5704.86,2814.74,933.151,1613.02,2954.16,3643.04,10.5459
401607,341280,96,305907,261780,91,4855.11,307.95,7323.63,72745.1,6011.72,2441.69,2518.11,-120.72,17307.5,656.726,10.5878
434830,368948,94,421777,364649,93,2641.78,177.89,6553.62,59041.6,6997.13,3571.61,2615.31,1899.53,14067.3,8615.71,10.7053
418623,360702,92,310747,269651,91,4706.28,523,6691.11,68299.7,5333.06,2174.98,1970.12,1029.78,15102.2,7980.72,10.782
668872,481901,113,423085,306884,109,3834.53,381.134,7758.83,25946.5,8647.97,1808.34,1904.96,2467.78,16102.3,1604.66,11.0261
276203,236150,87,191492,157135,86,7568.73,675.96,7752.33,34998.1,352.01,1822.75,710.057,73.6332,1795.45,970.448,11.0291
467772,381192,96,449821,377648,97,7302.53,362.55,3876.03,47585.9,7030.82,2163.31,1252.16,855.854,15652.4,1196.35,11.047
403282,348889,99,260688,229617,90,1800.67,711.167,4737.82,14566.1,5411.14,1169.75,2069.89,1317.04,16304.1,7076.29,11.057
435230,375195,105,352196,306990,93,6470.87,-9.32503,5021.05,19444.5,7379.01,2219.16,1561.58,79.0489,9589.5,997.852,11.2651
401140,347068,90,278504,246261,90,2436.17,474.507,5622.07,35252,5657.62,3331.61,1212.81,455.348,15301.4,4812.71,11.2841
492282,406897,97,379620,324715,94,11311.3,363.767,3268.9,26155.6,6670.08,4355.54,1779.87,-195.891,12267.9,4790.27,11.308
306462,271667,86,257671,224312,89,1569.05,276.383,6794.67,64255.3,4033.19,2078.5,2263.76,262.332,8464.05,1240.17,11.3488
381106,321763,96,320301,266520,92,3097.77,648.238,6243.77,90355.3,6168.2,3707.8,1572.75,1720.21,15721.2,5283.57,11.3857
394603,331302,94,344080,296305,91,2569.62,667.839,3338.25,31071.8,5851.67,32899.5,-3.29298,656.314,4482.76,452.069,11.5391
399663,351257,91,293748,258468,89,4689.31,425.199,8130.69,49250,7018.58,7617.33,659.895,613.689,4264.41,9879.84,11.562
447342,388252,96,310210,273464,92,3424.8,521.357,3666.31,26291.3,11551.8,2045.28,1841.9,1563.3,14103.8,2179.66,11.568
416300,363412,93,251126,221732,91,5756.17,569.515,8494.27,86148.4,3624.52,9381.02,881.404,1594.63,10085.1,9818.2,11.8847
448146,339425,106,400870,316176,104,2808.19,324.656,6217.5,77845.6,7401.95,2846.17,3008.49,566.737,19619.1,8966.6,11.9594
395224,326245,93,293319,253816,93,3942.07,36.4998,6096.25,41644.2,8018.77,772.395,1526.23,2180.72,7369.41,5257,12.1358
386811,286843,97,441359,343261,95,3339.15,309.353,8527.44,85340,7694.18,2002.38,2370.74,1429.7,4604.67,781.427,12.2214
459456,389659,93,388310,336566,94,14034.5,383.916,3692.51,21395.5,6582.3,10762,294.364,1031.17,16717.4,3229.94,12.2653
373240,321166,91,272389,236782,87,3511.63,17.9961,6316.35,75025.8,4403.54,9968.95,360.313,-143.923,4609.08,1951.94,12.2792
403167,335334,96,269703,228645,92,3615.43,681.403,4300.86,79483,5514.09,1826.49,858.604,1176.08,3408.4,348.556,12.595
336023,271054,97,404936,340119,93,9191.84,596.21,4296.37,10157.7,7592.54,909.059,1097.09,1660.73,5114.28,2385.19,12.8589
360303,313385,93,279220,245079,88,2992.13,-2.88778,6331.53,76584.1,6144.36,5590.25,508.237,988.314,4601.74,628.255,13.0552
441598,376813,95,351087,302521,94,4178.56,636.571,6488.67,37196.2,6227.06,4832.78,2466.21,636.236,24094.1,1400.63,13.1966
417460,352249,102,266716,226499,91,3917.2,73.566,7892.07,32119.3,6798.87,515.746,1749.81,1507.89,4441.38,11808.2,13.2046
319172,264787,92,276995,242513,88,1937.17,11.4723,5077.28,37955.6,6060.69,990.3,2337.43,-164.963,6605.24,4472.18,13.6339
478838,339753,108,247951,162392,99,1935.24,128.506,3311.56,27942.8,5550.04,15852.7,1662.58,898.486,12273.7,2684.51,13.8033
439712,357128,108,352688,289439,101,3676.31,818.94,4741.14,27832.5,8046.79,4101.97,1017.2,412.91,17635.7,3587.62,13.8242
361981,328272,90,170824,155849,87,2016.16,409.344,3698.93,21373.5,3078.36,8442.13,1010.72,190.959,7065.09,4008.05,13.8531
387975,324379,93,256974,220989,89,2891.99,401.857,3528.59,92937.6,6393.36,2593.96,2692.08,1015.96,9673.89,594.003,13.8999
392254,340020,103,197761,171725,90,12794,-379.718,3462.42,44258.4,3756.77,18838.2,2132.06,1102.11,12329.3,639.013,14.0354
406287,343829,91,305311,266507,89,4827.37,87.54,8917.32,55958.9,6802.4,3183.14,866.563,1089.87,4371.12,10043.6,14.1848
409362,344464,96,294903,250194,93,4339.02,545.093,6778.87,53505.9,4231.72,7409.98,1856.67,102.936,3603.93,3351.31,14.2525
434179,376845,91,321049,280214,90,2373.24,188.322,3410.93,51495.2,7406.38,13203.5,2099.57,1099.17,15601.4,380.58,14.3422
375347,335241,90,280316,251721,88,723.477,508.918,6028.95,130518,2762.93,13246.7,868.764,-47.6193,737.893,459.407,14.4507
456375,378029,106,263218,215430,94,3271.26,283.425,4481.34,23761.2,6093.71,3184.98,1020.12,620.934,3435.75,1102.84,14.4627
372291,320086,89,334698,286667,91,1713.34,112.144,5009.14,11604.9,6319.25,836.141,2672.47,2813.38,10605.4,4287.76,14.5763
374980,306643,103,363590,306637,92,4068.33,704.757,3227.57,66124.4,7432.18,2070.11,2116.14,1164.35,15662.9,1399.75,14.6032
473446,364509,101,280283,209527,101,2930.91,174.295,3746.33,48299.1,7093.49,4414.54,2003.59,470.312,16017.8,7378.97,14.6081
431170,366379,94,265204,230847,91,7444.57,285.916,4287.62,36078.2,6849.63,2608.35,-288.549,1017.29,3358.89,1473.78,14.7287
440710,350710,107,253819,178764,105,2720.59,606.205,5431.36,36417.3,6048.31,1189.91,2633.14,254.811,15783.2,4602.32,14.7546
507307,359954,104,283348,204815,104,2404.36,-55.8252,5489.7,61141,5849.85,8563.83,3591.18,762.58,13527.1,5922.94,14.7695
439764,374249,100,301426,255301,105,2454.29,349.272,6455.62,27783.2,6147.71,3481.7,594.776,228.436,14024.9,6270.66,14.7864
372559,334285,89,199152,176944,87,2140.21,783.556,3557.33,29052.9,5050.18,1267.46,1265.83,1130.09,13060.4,2300.83,14.8153
391780,336911,92,357510,315125,91,3009.32,644.143,3327.28,46214.2,6081.11,10699.2,2008,641.271,12219.3,966.726,14.9608
353719,295824,95,293799,251230,91,2789.93,715.663,6448.81,46443.3,6704.73,1459.2,951.488,1814.95,2671.08,6566.59,15.0614
369812,325019,90,261445,229615,89,2236.7,306.69,6064.94,59818.3,5636.41,817.838,1880.29,842.608,9676.22,7328.79,15.0823
404988,358837,91,255851,226880,91,3782.64,354.727,4471.92,44912.3,6005.44,1545.63,1489.44,867.516,12895.2,743.852,15.1849
383364,337106,93,225164,204204,89,1351.93,178.91,4651.02,66753.2,4615.65,1585.13,1993.1,511.192,14021,5028.18,15.2984
447938,369684,94,421335,357217,95,27275.1,251.215,4225.41,75450.6,9948.96,5230.07,699.533,1180.89,5618.87,3584.87,15.5435
399339,345699,90,230145,197002,89,4639.06,930.133,9188.69,19300,6015.62,2134.17,869.402,332.235,15578.1,4441.28,15.5564
488052,328478,105,292729,189411,102,2269.43,343.631,6906.37,88208.2,5671.46,2671.31,1901,1673.54,18430.9,7816.06,15.5993
439262,370817,101,301116,257062,93,5378.19,546.602,7842.62,62967.3,7303.13,31699.9,2250.65,281.885,11821.2,419.18,15.6919
470348,390465,97,295589,249076,94,3578.22,84.3634,4892.06,12729.1,7127.89,5666.3,1187.86,830.14,2880.6,4111.32,15.7646
465502,395382,92,339630,297066,94,3879.27,561.583,3862.28,60589.8,6206.16,3184.33,2350.34,1719.82,13582.7,639.489,15.9917
433905,349042,103,317272,254724,95,3031.36,-23.971,7539.01,79456.3,6207.17,3360.27,1528.46,1534.67,4742.66,1556.15,16.0166
435550,317540,108,380735,300071,102,2762.12,202.386,5721.44,48200.9,7470.91,3311.46,1693.33,892.306,16064.1,4190.82,16.0256
426408,369257,96,212177,187928,90,5777.91,258.829,3700.1,36042,4543.5,12159.7,1713.58,920.4,8045.19,2277.72,16.0993
378016,321312,92,289459,251049,89,3478.88,236.33,3383.92,75917.5,3344.79,2796.26,1329.29,539.352,2746.14,238.557,16.1531
502287,397356,112,389711,299894,112,3951.88,546.773,6076.82,63317.3,7837.88,1377.06,1327.16,1324.04,7202.72,748.611,16.184
349704,313607,88,198742,182322,84,4362.49,361.488,3699.72,13032.6,5709.84,12831,1082.76,1160.54,9045.22,4398.2,16.2248
343958,281326,104,382635,325003,91,2632.94,434.886,3884.94,35511.3,4985.99,3852.05,1665.49,1425.73,4080.71,2094.08,16.2667
386796,344145,89,279746,256425,88,3318.1,105.969,3875.25,20822.6,4375.66,-143.323,500.551,1236.86,1853.72,4701.2,16.3434
413686,337854,93,356924,301163,94,6088.23,733.332,6070.28,9115.42,7485.04,2554.47,3064.88,-547.879,16426.1,10042.3,16.4848
417700,364041,92,255816,230786,90,1145.69,889.358,3383.85,27258,6425.87,2847.18,1700.25,954.463,9709.59,4237.59,16.5227
477284,397340,96,322556,272199,93,7001.9,595.962,6783.98,15703.7,8338.27,6943.78,1291.55,644.375,6422.38,1271.83,16.6761
398038,340741,105,262735,223431,105,2856.6,555.731,7110.85,32605.1,6631.29,1807.12,1032.81,329.996,11430.7,9188.28,16.7976
366403,324303,89,256075,227521,88,3180.29,552.823,4623.51,16791.9,6013.32,2707.19,2084.08,324.845,11852.4,9158.11,16.8673
440413,382045,94,258702,230375,93,3083.07,410.554,4261.2,8828.32,6555.18,4061.2,697.082,940.696,1707.55,823.151,17.0277
388173,328246,89,299124,258703,90,10090.5,192.388,3521.83,26782.5,4617.51,2889.2,1934.51,1473.33,16917.6,2372.81,17.1323
392365,333727,105,243642,209566,97,3076.65,42.8431,5559.89,23808.9,4770.32,12654.6,556.2,261.198,14984.7,1444.71,17.1851
397788,319089,99,396483,321164,93,2735.25,158.104,3360.74,88266.9,4144.85,5542.39,1728.35,630.563,15423.7,1442.78,17.223
424096,345047,98,366411,305499,94,3411.78,1076.18,3488.18,29296.4,6672.5,1584.59,737.334,1280.22,3000.93,955.208,17.3186
400792,348005,91,333259,292297,89,2919.25,116.888,8963.3,10529.1,5495.74,5562.29,1723.84,-89.6502,12143.5,6099.04,17.4082
387587,339835,92,213056,184146,90,2780.44,12.6919,4943.32,10600.2,4321.31,4570.11,1425.08,852.027,11265.8,8917.24,17.6114
414684,353448,98,265385,236927,90,3691.86,-147.49,5303.74,34356.2,4833.68,1893.9,1029.64,-261.996,3569.66,3718.39,17.7997
432165,364097,97,394982,350665,92,5067.9,53.8662,4935.14,69253.2,4835.84,3912.87,1347.42,1342.46,4052.89,3755.99,18.0776
372640,316977,94,365589,314564,93,2998.81,159.577,8100.44,84296.3,4780.33,3706.39,781.206,668.781,2481.11,2028.25,18.1792
327081,287889,89,235888,204194,88,3673.12,408.542,5210.55,29002.8,5470.82,8950.69,936.705,806.422,2077.24,6196.22,18.2211
475044,404241,95,316916,273571,94,9000.95,194.26,5483.85,72044.1,8779.88,3259.95,815.823,768.003,2439.37,2133.37,18.2579
380257,336892,89,215100,194454,89,1689.35,320.927,6690.32,37216.8,3282.12,9097.56,726.789,1342.87,13450.2,8468.86,18.2719
381010,346207,87,192391,174673,86,2453.63,458.859,3783.18,32922,4005.89,3628.1,1711.24,208.197,8227.27,2116.75,18.3137
463900,373444,98,366228,314754,95,7431.83,162.897,5930.86,60090.1,7200.96,3749.67,1601.37,2720.66,8256.79,8036.27,18.4412
391347,345099,89,269719,243722,89,2631.86,84.8284,11029,56475.5,3333.57,7765.66,1280.55,1458.31,12712.2,4835.61,18.5757
378590,305517,95,433201,357055,96,2982.76,-87.1591,4879.88,91412.3,5049.16,2941.15,899.829,136.466,2483.43,494.361,18.764
356636,319160,89,205775,186585,87,902.407,449.216,3620.84,47772.4,3889.17,3308.15,1729.37,2063.62,12184.6,1917.74,18.8885
403365,355415,93,285588,254041,88,3393.21,137.903,4733.91,45254.9,4700.56,17114.9,642.446,1636.72,11184.2,775.685,18.9811
424294,353161,92,314868,269129,91,3432.28,104.385,6635.16,105240,6608.58,4769.48,1006.38,1283.75,4253.72,7528.78,19.008
372762,329655,89,236154,208652,87,1423.58,188.509,5520.83,21729.3,3117,3065.36,1103.74,366.292,3157.91,6879.92,19.2032
313119,274108,90,249511,223041,87,1881.32,265.066,9272.43,45305.6,4398.86,16071.1,1801.16,916.505,11262.9,1508.31,19.272
405114,352861,91,304876,264588,90,4357.98,523.5,6512.11,39841,5662.35,9286.48,372.617,326.634,5040.93,8266.17,19.3596
456961,393620,92,275952,243054,91,6410.94,1118.1,3762.12,38252.9,5310.75,4074.34,1575.52,549.375,12151.3,1271.69,19.3646
444742,378311,95,289714,253720,91,6538.58,386.216,6924.26,66106.3,5392.02,2588,1642.35,347.449,14413.1,10009.3,19.3955
416628,356194,94,277198,240848,93,4504,204.82,3529.1,29363.4,6240.86,1668.16,507.262,852.195,3369.98,990.382,19.5041
383348,341111,97,210633,193439,88,2101.4,84.3425,7707.81,32778.9,5433.69,22589.7,2569.1,414.657,15299.5,11762.5,19.5539
407630,344378,91,248344,214943,90,2008.45,-111.654,3403.02,104898,5864.32,3262.17,1614.93,-154.665,14615.1,4642.05,19.6077
415781,361503,93,276480,244973,91,2810.03,207.166,3404.74,75981.1,4424.84,5135.67,3886,1284.95,16773.7,2086.23,19.6983
426017,356949,96,300186,262036,91,10672.1,250.809,7869.81,40520.9,8437.29,5637.28,1427.18,590.967,3686.94,10024.3,19.7332
486927,414224,99,264009,231087,92,41205.3,363.426,5379.81,67749.4,6354.91,2526.91,985.928,1847.02,3848.9,1496.31,19.8109
353201,308212,88,301153,270495,88,4397.9,299.67,6105.14,26087.3,4967.6,11682,1602.68,460.554,16111,10426.8,19.8238
405998,342409,101,323128,285112,92,2194.47,755.757,4943.28,79430.3,4408.33,1778.12,1948.71,662.972,4965.14,950.82,19.9234
441416,347152,101,386765,319733,101,4174.19,797.568,4319.08,62338.8,6413.16,24970,1891.97,837.252,13973.5,1545.42,20.0599
396339,342616,92,258919,225558,91,3170.96,164.353,4816.01,80966.9,4486.02,972.853,2003.7,1481.6,16333.7,6945.06,20.1854
404014,354798,90,282375,255345,90,2492.6,427.132,7461.67,16916.3,5037.79,11106.1,2215.97,652.559,15669.7,11647.9,20.2103
402749,353612,97,237300,207464,88,2052.68,178.099,4436.34,22370.5,5366.16,11858.4,1200.99,-943.724,3814.51,6383.5,20.5331
504445,408922,97,257888,209578,98,5248.1,561.536,4301.42,67620.4,5971.69,12413.4,936.643,163.213,6591.13,3492.37,20.7841
398453,337742,92,283974,244669,91,3692.79,455.295,5298.13,37415.2,6362.76,2591.86,1592.03,447.392,15367.6,1401.94,20.81
393605,351350,91,233137,206819,89,3291.74,169.623,3427.01,81209.4,3627.78,17190,1057.94,1083.15,969.445,726.946,20.8498
559884,363052,117,440135,288954,111,4417.13,512.071,4105.74,48862.4,5892.44,3178.49,2822.51,-269.481,23511.5,1688.63,20.9275
443787,355737,115,346387,285567,102,6691.45,252.038,4116.53,27306.8,6927.29,8451.79,1902.04,330.385,12798.8,1336.91,20.9295
405659,337107,94,225912,191684,91,1771.81,365.947,3500.71,22501.5,3173.87,5854.49,409.167,2050.43,12052.3,4422.26,20.9584
411328,349496,105,378081,325496,93,3003.24,605.687,5689.39,80955.8,6624.77,3783.33,1613.33,1474.27,14834.8,1594.12,20.9654
423305,356339,97,338479,300350,92,2749.04,36.3088,3422.05,71178.2,5255.52,3528.65,3055.11,767.426,12522.7,760.339,21.0451
374730,294995,94,235193,169246,92,991.948,6207.99,8884.18,74952.1,14634.2,-654.242,592.653,138.644,13893.9,1484.6,21.1716
405914,360520,93,229584,208065,87,5037.15,660.876,8387.29,31204.6,3647.93,4808.2,1686.37,527.157,16250.1,7335.15,21.3011
371846,329949,88,244164,220864,86,2431.07,121.649,4554.49,54435.2,2976.18,2044.62,2312.79,185.87,13824,9391.6,21.3589
451028,352130,116,360071,290871,113,11006.3,245.173,4584.62,43898,5993.91,4780.38,2652.65,1036.42,13248.8,2375.49,21.3867
419327,371965,92,262340,230771,90,4538.82,422.444,4742.86,37310.9,5278.86,22456,786.26,410.639,1068.7,13428.8,21.4047
427063,365920,106,221420,191272,93,4073.5,1198.16,7588.28,17836.7,4353.72,3562.4,1261.92,413.821,10420.7,10873.6,21.4754
387598,326301,91,301528,258236,91,3575.32,97.5639,6003.62,18555.8,6339.53,2777.3,2052.79,559.015,21824.5,5328.36,21.6398
319903,297103,89,364675,348844,91,2274.19,699.081,8263.68,13680.9,11546.4,4292.41,1072.14,-175.84,9299.24,294.386,21.7384
348641,320676,88,190214,178913,85,2514.92,819.914,3776.71,28272.1,5637.66,247.79,1671.02,1683.7,14876,6265.98,21.9525
544179,476385,98,279604,235117,91,4310.07,501.517,8306.43,41785.2,4619.44,32007.2,638.275,2280.31,5649.61,10192.7,22.2574
411709,346459,105,293052,252768,91,2509.97,700.091,5967.83,64767.7,4850.94,3315.04,2410.33,388.962,14354.4,3776,22.2663
679132,489801,119,451813,351539,101,10029,521.844,12460.5,49438.2,7577.72,1517.63,1937.79,-221.783,13456.3,5109.89,22.351
416330,363941,94,223236,195310,90,1894.19,617.098,6986.28,19096.2,4903.64,3732.03,1141.45,1022.69,11459.1,669.518,22.4367
456678,398180,93,262923,235333,90,8575.24,500.198,3629.07,87890.5,6432.42,3555.47,987.91,1686.27,11976.1,990.296,22.5203
342140,272072,92,307460,234359,92,2895.42,-3.0413,6438.54,53226.7,3214.14,2655.5,208.549,273.672,3600.87,3394.15,22.6757
392430,323681,100,338124,282605,93,3833.59,-107.711,13785.8,48496.2,9148.6,1348.51,2913.32,2365.36,27047.2,12821.5,22.7435
318553,297162,88,109072,102206,82,1720.44,219.254,3954.51,61250.2,4660.53,19579.6,1301.29,20.685,6570.55,5964.44,22.8032
401445,352856,89,198284,169318,88,1751.48,152.225,3459.67,62277,5500.8,11275.7,861.656,-311.926,4216.03,2641.12,22.851
406598,355670,92,270071,236261,91,1985.25,-343.223,4637.32,25410.5,4588.23,-593.269,1749.25,1587.8,11655.7,6604.8,22.8829
397299,349533,92,233362,208376,89,4155.62,94.0213,3604.3,24350.5,2662.25,8133.74,1449.13,-94.1585,8158.45,4342.59,23.0303
408819,365089,89,277834,248355,88,3726.63,203.639,4041.8,77163.4,3414.18,5364.99,1032.25,1027.79,8334.07,7185.98,23.1489
357182,323971,92,202867,186461,88,2701.59,434.536,5761.6,49673.9,3607.32,3197.48,1276.77,1260.5,2357.81,11128.2,23.6529
381668,344981,88,269479,244675,88,3323.89,414.086,4871.85,56816.6,6059.9,7292.97,2425.38,468.103,9535.24,3641.98,23.7356
398164,318854,96,425283,355400,93,3053.46,642.545,5388.79,47986,4911.44,2541.2,2442.08,257.108,16168.9,775.346,23.8013
421002,351392,92,394656,337312,95,5141.98,487.901,5410.19,39847.8,8453.58,10719.2,1367.1,1689.4,16115,1979.49,23.8372
422407,365847,92,266023,234538,93,2924.99,367.395,5921.52,36031.2,6205.42,4246.5,1610.33,804.851,10413.5,4902.31,24.157
376240,329107,90,230943,205708,88,5206.35,408.323,3269.19,28262.7,4705.11,3888.64,1174.69,274.908,13253.5,1947.5,24.158
476148,407061,100,324716,288087,93,4009.06,538.508,3394.23,107689,6782.42,4044,1102.88,767.974,18663.2,683.165,24.1948
399992,323635,95,415217,343961,95,7754.17,597.184,4320.81,48333.8,7206.4,2075.24,1743.54,619.125,9096.29,148.051,24.3701
431888,365848,95,258304,221610,92,1872,460.244,3968.88,37255.7,5474.89,15192.4,1820.25,122.481,5407.05,5595.77,24.406
357708,325762,92,186051,170116,86,1683.32,161.313,3386.42,30590.8,2651.9,4933.35,1212.69,334.844,8465.26,6403.74,24.4249
279426,264417,85,92586,86536,80,852.742,123.449,5593.93,22009,2018.84,2847.69,87.4434,621.847,4406.58,28032.6,24.4428
395256,342408,92,226763,192012,92,1854.85,17.2496,4100.86,77575.7,6375.05,4106.63,2920.29,-342.038,19020.9,3016.99,24.5186
397185,341567,91,357644,307390,90,2613.66,135.086,4465.01,63857.3,6154.04,3173.98,2256.22,1138.04,15210.2,3135.53,24.5285
390082,341259,97,224019,197574,88,3828.85,257.373,8074.65,54483.8,3916.7,660.388,1698.43,1112.06,3668.11,8167.24,24.7556
393092,345498,92,231121,202990,88,2634.86,-34.46,3634.53,39917.7,7166.36,2176.36,1621.47,1568.73,2358.39,3711.61,24.8283
441727,372869,96,328395,283887,94,4269.47,452.47,9083.29,59238.5,6139.84,28029.6,2172.81,716.366,14443.2,358.658,24.8602
378681,339014,89,155538,137883,87,9490.39,300.788,4436.82,23355.9,3615.2,2818.13,1198.66,1317.17,9601.3,2418.23,25.1103
431299,364972,93,305008,257293,92,3050.26,378.047,6808.79,41409.3,4948.1,2100.69,3022.22,2274.44,21198,8215.56,25.186
432621,380617,95,268788,241874,90,2055.48,184.755,4668.61,33675.4,6243.13,784.745,2046.08,1410.39,9936,4709.16,25.3423
437527,378761,94,288648,258706,91,4790.97,862.961,4749.69,49470.9,3898.72,8246.58,996.444,1416.82,4140.59,585.779,25.433
420063,368440,90,275199,243017,89,7243.74,-89.8527,9381.32,24334.2,5327.23,-184.232,2945.2,1700.96,14173.9,13147.7,25.5575
519620,426404,107,280254,234496,96,3585.55,411.603,9311.24,56056.8,7309.54,3267.41,1175.75,1130.55,16972.5,7753.28,25.5695
442543,366001,93,230369,200379,92,2084.37,91.1302,4466.8,44799,5229.1,2004.09,4188.33,851.22,16427.7,6571.21,25.69
422617,311671,100,259348,202136,97,1320.45,488.86,4833.36,43182.3,6638.35,9088.11,1498,1396.38,916.458,1620.53,26.0765
317404,262947,95,231688,191169,94,39756.9,403.633,7855.75,27321.3,5683.4,1796.02,6488.81,1183.41,12140.2,16845.1,26.1143
387599,354604,88,192687,173235,86,1847.18,498.738,7593.19,50403,4136.43,368.935,2681.58,565.38,9054.9,4469.93,26.207
487027,395262,96,359642,291331,99,2834.78,1016.9,4717.16,53415.7,7419.05,266.724,1841.51,1019.3,3755.67,1679.88,26.2369
411936,363217,92,278197,253300,89,9982.91,277.775,4561.59,18544.6,5661.14,1310.2,1254.8,966.123,5906.41,4925.32,26.2677
455955,360548,97,413531,351019,98,4003.02,209.49,4117.98,33078.5,7320.67,4154.91,1232.88,686.422,4133.79,2276.2,26.2877
386086,313020,95,443943,356525,96,3916.77,-72.7319,6874.89,35699.9,5311.24,3465.41,8994.44,-51.4454,4672.58,-21.7147,26.3096
429981,354308,112,291334,243165,99,10616.3,-531.167,4885.77,21995.4,7896.32,2154.75,1926.41,1506.56,14130.7,5888.75,26.4192
428935,370099,90,249362,207685,92,2340.5,95.2183,5813.58,85324.1,7995.18,1485.01,396.831,539.605,4923.5,1262.54,26.6204
468898,401918,95,283546,247980,92,3270.92,281.036,6426.48,18833.7,5605.32,1835.25,747.657,1055.05,3118.25,1961.67,26.7329
484610,410567,94,424351,370601,94,5168.28,281.682,4762.92,21105.8,7467.66,1687.9,1426,622.825,16586.4,5682.96,26.7768
434724,371398,91,340489,299005,92,2525.34,282.255,7838.85,64723,7184.83,3310.39,1369.77,1224.42,3512.5,8156.32,26.8764
482901,408726,95,376469,332654,93,4961.72,361.298,5893.83,36960,7757.97,2047.68,2458.72,591.162,13245.6,1967.92,26.9411
428302,373837,91,335986,304481,91,4833.58,777.653,3978,30226.4,4579.02,-189.753,2266.34,1480.77,3833.95,641.188,27.1135
394431,343323,90,242216,209633,90,2762.18,861.777,7489.08,23091.9,8567.42,1432.74,3081.92,131.342,11010.7,8267.2,27.1553
381248,339706,89,232930,212572,87,2018.67,335.685,3631.19,16978.8,4536.24,1707.16,870.212,1409.04,1481.68,307.912,27.234
370013,317835,91,297114,257368,89,2804.93,312.726,3232.73,41260.6,2540.33,4376.21,1372.27,508.667,9464.29,734.443,27.2838
413445,365980,95,343477,317428,89,8608.17,52.4805,5276.74,42602.7,5983.25,1614.45,1932.86,1453.39,10113.4,-25.8842,27.2848
446363,368714,95,416791,352853,93,2662.59,628.097,15419.8,37584.6,5613.07,26576.5,2847.99,1400.91,22738.2,3040.84,27.2937
369860,329343,90,280569,245675,102,2270.5,394.681,4066.61,61246.2,3597.08,11880.2,1199.22,1665.3,13767,227.187,27.3107
431394,371038,93,243600,212364,89,2384.44,510.262,4718.15,12684.5,6409.65,2038.3,1014.62,1121.93,3629.01,4139.63,27.3685
367329,315019,98,300476,255376,91,2975.65,546.872,4692.1,81309.1,4147.79,7441.34,1629.26,11.6147,20696.9,1952.22,27.4302
444552,375431,91,323032,271194,93,4345.03,392.483,4743.3,27337.7,7275.4,1568.28,1424.7,437.804,4129.54,1075.29,27.4382
379676,324437,90,319868,281427,92,1727.66,506.285,3433.63,68810.2,5062.45,3025.19,701.226,-400.18,5884.37,1422.53,27.477
349202,319712,87,247230,228659,86,1553.04,288.899,5192.51,53664.4,3672.99,8199.96,1172.69,75.4839,10661,6912.36,27.495
459477,392388,93,324735,283491,92,13532.2,336.074,5654.47,29853.3,6885.9,1143.23,1262.62,978.33,2506.38,420.22,27.732
441659,384990,91,240736,214439,91,5470.45,426.736,3586.58,15289.6,6126.03,9591.82,791.627,1293.63,2824.73,1351.1,27.8466
